acc,cpm,wpm
91.46341463414636,362.0,72.0
88.60759493670885,353.0,70.0
93.5064935064935,374.0,74.0
90.41095890410958,333.0,66.0
94.11764705882351,399.0,79.0
87.95180722891565,374.0,74.0
91.46341463414636,366.0,73.0
92.77108433734942,384.0,76.0
88.31168831168831,361.0,72.0
