acc,cpm,wpm
91.46341463414636,362.0,72.0
88.60759493670885,353.0,70.0
93.5064935064935,374.0,74.0
90.41095890410958,333.0,66.0
94.11764705882351,399.0,79.0
87.95180722891565,374.0,74.0
91.46341463414636,366.0,73.0
92.77108433734942,384.0,76.0
88.31168831168831,361.0,72.0
95.2941176470588,403.0,80.0
93.02325581395347,410.0,82.0
88.09523809523809,366.0,73.0
83.07692307692308,272.0,54.0
96.20253164556965,375.0,75.0
90.66666666666666,358.0,71.0
90.0,341.0,68.0
75.0,141.0,28.0
